BagID,Machine Decision
000055717,BAG_NOT_ANALYZED
000055718,BAG_NOT_ANALYZED
000055719,CLEAR
000055717,BAG_NOT_ANALYZED
000055718,BAG_NOT_ANALYZED
000055720,BAG_NOT_ANALYZED
000055721,CLEAR
000055722,BAG_NOT_ANALYZED
000055723,CLEAR
000055719,CLEAR
000055724,CLEAR
000055725,CLEAR
000055726,CLEAR
000055727,CLEAR
000055720,BAG_NOT_ANALYZED
000055722,BAG_NOT_ANALYZED
000055728,ALARM
000055729,CLEAR
000055730,CLEAR
000055721,CLEAR
000055731,CLEAR
000055723,CLEAR
000055724,CLEAR
000055728,ALARM
000055734,CLEAR
000055734,CLEAR
000055735,ALARM
000055735,ALARM
000055736,CLEAR
000055736,CLEAR
000055737,CLEAR
000055737,CLEAR
000055738,CLEAR
000055738,CLEAR
000055739,CLEAR
000055739,CLEAR
000055740,CLEAR
000055740,CLEAR
000055741,ALARM
000055741,ALARM
000055742,CLEAR
000055742,CLEAR
000055743,ALARM
000055744,CLEAR
000055743,ALARM
000055744,CLEAR
000055745,CLEAR
000055745,CLEAR
000055746,CLEAR
000055746,CLEAR
000055747,ALARM
000055747,ALARM
000055748,CLEAR
000055748,CLEAR
000055749,ALARM
000055749,ALARM
000055750,ALARM
000055750,ALARM
000055751,ALARM
000055752,CLEAR
000055753,CLEAR
000055751,ALARM
000055754,CLEAR
000055752,CLEAR
000055753,CLEAR
000055755,CLEAR
000055756,CLEAR
000055754,CLEAR
000055757,CLEAR
000055755,CLEAR
000055758,CLEAR
000055756,CLEAR
000055759,CLEAR
000055757,CLEAR
000055760,CLEAR
000055758,CLEAR
000055759,CLEAR
000055761,ALARM
000055762,ALARM
000055760,CLEAR
000055763,CLEAR
000055761,ALARM
000055765,CLEAR
000055764,CLEAR
000055762,ALARM
000055767,CLEAR
000055766,ALARM
000055763,CLEAR
000055764,CLEAR
000055768,CLEAR
000055765,CLEAR
000055769,CLEAR
000055766,ALARM
000055770,ALARM
000055767,CLEAR
000055768,CLEAR
000055771,CLEAR
000055769,CLEAR
000055772,CLEAR
000055770,ALARM
000055773,CLEAR
000055771,CLEAR
000055774,CLEAR
000055772,CLEAR
000055775,CLEAR
000055773,CLEAR
000055776,CLEAR
000055774,CLEAR
000055777,CLEAR
000055775,CLEAR
000055778,ALARM
000055776,CLEAR
000055779,ALARM
000055777,CLEAR
000055780,ALARM
000055778,ALARM
000055781,ALARM
000055779,ALARM
000055782,ALARM
000055780,ALARM
000055781,ALARM
000055783,CLEAR
000055784,ALARM
000055782,ALARM
000055783,CLEAR
000055785,CLEAR
000055784,ALARM
000055786,ALARM
000055785,CLEAR
000055787,ALARM
000055788,CLEAR
000055786,ALARM
000055789,ALARM
000055787,ALARM
000055790,CLEAR
000055788,CLEAR
000055789,ALARM
000055791,CLEAR
000055792,CLEAR
000055790,CLEAR
000055791,CLEAR
000055792,CLEAR
000055793,ALARM
000055794,ALARM
000055793,ALARM
000055795,CLEAR
000055796,ALARM
000055794,ALARM
000055797,ALARM
000055795,CLEAR
000055798,CLEAR
000055796,ALARM
000055799,ALARM
000055797,ALARM
000055800,ALARM
000055798,CLEAR
000055801,CLEAR
000055799,ALARM
000055802,ALARM
000055800,ALARM
000055801,CLEAR
000055803,CLEAR
000055804,CLEAR
000055802,ALARM
000055805,CLEAR
000055803,CLEAR
000055806,ALARM
000055804,CLEAR
000055807,CLEAR
000055805,CLEAR
000055806,ALARM
000055808,CLEAR
000055809,ALARM
000055807,CLEAR
000055808,CLEAR
000055810,CLEAR
000055811,CLEAR
000055809,ALARM
000055812,ALARM
000055810,CLEAR
000055811,CLEAR
000055813,CLEAR
000055812,ALARM
000055814,CLEAR
000055813,CLEAR
000055815,CLEAR
000055814,CLEAR
000055815,CLEAR
000055816,CLEAR
000055817,CLEAR
000055816,CLEAR
000055818,ALARM
000055817,CLEAR
000055819,CLEAR
000055820,CLEAR
000055818,ALARM
000055819,CLEAR
000055820,CLEAR
000055821,CLEAR
000055821,CLEAR
000055822,CLEAR
000055823,CLEAR
000055822,CLEAR
000055823,CLEAR
000055824,CLEAR
000055825,ALARM
000055826,CLEAR
000055824,CLEAR
000055827,CLEAR
000055825,ALARM
000055826,CLEAR
000055828,ALARM
000055829,CLEAR
000055827,CLEAR
000055830,ALARM
000055828,ALARM
000055829,CLEAR
000055831,CLEAR
000055830,ALARM
000055832,CLEAR
000055831,CLEAR
000055833,CLEAR
000055834,ALARM
000055832,CLEAR
000055833,CLEAR
000055835,ALARM
000055834,ALARM
000055836,ALARM
000055837,CLEAR
000055835,ALARM
000055836,ALARM
000055838,ALARM
000055839,CLEAR
000055837,CLEAR
000055838,ALARM
000055840,CLEAR
000055839,CLEAR
000055841,CLEAR
000055840,CLEAR
000055842,CLEAR
000055841,CLEAR
000055843,CLEAR
000055842,CLEAR
000055844,ALARM
000055843,CLEAR
000055845,CLEAR
000055846,CLEAR
000055844,ALARM
000055845,CLEAR
000055847,CLEAR
000055846,CLEAR
000055847,CLEAR
000055848,CLEAR
000055848,CLEAR
000055849,CLEAR
000055849,CLEAR
000055850,CLEAR
000055851,CLEAR
000055850,CLEAR
000055852,CLEAR
000055853,ALARM
000055851,CLEAR
000055852,CLEAR
000055854,CLEAR
000055853,ALARM
000055855,CLEAR
000055856,CLEAR
000055854,CLEAR
000055855,CLEAR
000055856,CLEAR
000055857,CLEAR
000055858,CLEAR
000055859,CLEAR
000055857,CLEAR
000055860,ALARM
000055858,CLEAR
000055859,CLEAR
000055861,CLEAR
000055860,ALARM
000055861,CLEAR
000055862,CLEAR
000055862,CLEAR
000055863,CLEAR
000055863,CLEAR
000055864,ALARM
000055865,CLEAR
000055864,ALARM
000055865,CLEAR
000055866,CLEAR
000055867,CLEAR
000055868,CLEAR
000055866,CLEAR
000055867,CLEAR
000055868,CLEAR
000055869,ALARM
000055869,ALARM
000055870,CLEAR
000055870,CLEAR
000055871,ALARM
000055871,ALARM
000055872,CLEAR
000055873,CLEAR
000055874,ALARM
000055872,CLEAR
000055875,CLEAR
000055873,CLEAR
000055876,CLEAR
000055874,ALARM
000055877,ALARM
000055875,CLEAR
000055878,ALARM
000055876,CLEAR
000055879,CLEAR
000055877,ALARM
000055880,CLEAR
000055878,ALARM
000055879,CLEAR
000055881,CLEAR
000055882,CLEAR
000055880,CLEAR
000055883,CLEAR
000055881,CLEAR
000055884,CLEAR
000055882,CLEAR
000055885,ALARM
000055883,CLEAR
000055886,CLEAR
000055884,CLEAR
000055887,CLEAR
000055885,ALARM
000055888,ALARM
000055886,CLEAR
000055889,ALARM
000055887,CLEAR
000055890,CLEAR
000055888,ALARM
000055891,ALARM
000055889,ALARM
000055892,CLEAR
000055890,CLEAR
000055893,ALARM
000055891,ALARM
000055894,CLEAR
000055892,CLEAR
000055895,ALARM
000055893,ALARM
000055894,CLEAR
000055896,CLEAR
000055897,CLEAR
000055895,ALARM
000055898,ALARM
000055896,CLEAR
000055899,ALARM
000055897,CLEAR
000055900,ALARM
000055898,ALARM
000055901,ALARM
000055902,CLEAR
000055899,ALARM
000055900,ALARM
000055903,CLEAR
000055901,ALARM
000055904,ALARM
000055902,CLEAR
000055905,CLEAR
000055903,CLEAR
000055906,CLEAR
000055904,ALARM
000055907,ALARM
000055905,CLEAR
000055908,CLEAR
000055906,CLEAR
000055909,CLEAR
000055907,ALARM
000055910,CLEAR
000055908,CLEAR
000055911,ALARM
000055909,CLEAR
000055912,CLEAR
000055910,CLEAR
000055913,CLEAR
000055911,ALARM
000055914,CLEAR
000055912,CLEAR
000055915,ALARM
000055913,CLEAR
000055916,CLEAR
000055914,CLEAR
000055917,ALARM
000055915,ALARM
000055918,CLEAR
000055916,CLEAR
000055919,ALARM
000055917,ALARM
000055920,CLEAR
000055918,CLEAR
000055921,CLEAR
000055919,ALARM
000055922,CLEAR
000055920,CLEAR
000055923,CLEAR
000055921,CLEAR
000055924,CLEAR
000055922,CLEAR
000055923,CLEAR
000055925,CLEAR
000055926,CLEAR
000055924,CLEAR
000055927,ALARM
000055925,CLEAR
000055928,CLEAR
000055926,CLEAR
000055929,ALARM
000055927,ALARM
000055928,CLEAR
000055930,CLEAR
000055931,ALARM
000055929,ALARM
000055930,CLEAR
000055931,ALARM
000055932,CLEAR
000055932,CLEAR
000055933,ALARM
000055934,CLEAR
000055935,CLEAR
000055933,ALARM
000055936,CLEAR
000055934,CLEAR
000055935,CLEAR
000055937,ALARM
000055938,CLEAR
000055936,CLEAR
000055939,CLEAR
000055937,ALARM
000055940,ALARM
000055938,CLEAR
000055939,CLEAR
000055941,CLEAR
000055942,ALARM
000055940,ALARM
000055941,CLEAR
000055943,CLEAR
000055942,ALARM
000055944,CLEAR
000055943,CLEAR
000055945,ALARM
000055944,CLEAR
000055945,ALARM
000055946,CLEAR
000055947,CLEAR
000055948,ALARM
000055946,CLEAR
000055947,CLEAR
000055948,ALARM
000055949,CLEAR
000055950,ALARM
000055949,CLEAR
000055951,ALARM
000055950,ALARM
000055952,CLEAR
000055951,ALARM
000055952,CLEAR
000055953,CLEAR
000055954,CLEAR
000055953,CLEAR
000055954,CLEAR
000055955,CLEAR
000055955,CLEAR
000055956,CLEAR
000055957,CLEAR
000055956,CLEAR
000055958,CLEAR
000055957,CLEAR
000055958,CLEAR
000055959,CLEAR
000055959,CLEAR
000055960,CLEAR
000055961,CLEAR
000055960,CLEAR
000055962,ALARM
000055961,CLEAR
000055963,CLEAR
000055964,CLEAR
000055962,ALARM
000055963,CLEAR
000055965,CLEAR
000055964,CLEAR
000055966,CLEAR
000055967,CLEAR
000055965,CLEAR
000055968,CLEAR
000055966,CLEAR
000055969,CLEAR
000055967,CLEAR
000055968,CLEAR
000055970,CLEAR
000055971,ALARM
000055969,CLEAR
000055970,CLEAR
000055972,CLEAR
000055973,CLEAR
000055971,ALARM
000055972,CLEAR
000055974,CLEAR
000055975,CLEAR
000055973,CLEAR
000055974,CLEAR
000055975,CLEAR
000055976,CLEAR
000055977,CLEAR
000055978,ALARM
000055976,CLEAR
000055977,CLEAR
000055979,CLEAR
000055980,ALARM
000055978,ALARM
000055979,CLEAR
000055980,ALARM
000055981,CLEAR
000055982,CLEAR
000055981,CLEAR
000055983,CLEAR
000055982,CLEAR
000055984,CLEAR
000055983,CLEAR
000055985,CLEAR
000055986,CLEAR
000055984,CLEAR
000055985,CLEAR
000055986,CLEAR
000055987,ALARM
000055988,CLEAR
000055987,ALARM
000055989,CLEAR
000055988,CLEAR
000055990,CLEAR
000055989,CLEAR
000055990,CLEAR
000055991,ALARM
000055992,CLEAR
000055993,CLEAR
000055991,ALARM
000055992,CLEAR
000055993,CLEAR
000055994,CLEAR
000055994,CLEAR
000055995,CLEAR
000055996,CLEAR
000055995,CLEAR
000055996,CLEAR
000055997,ALARM
000055998,CLEAR
000055999,CLEAR
000055997,ALARM
000056000,CLEAR
000055998,CLEAR
000056001,CLEAR
000055999,CLEAR
000056000,CLEAR
000056002,CLEAR
000056001,CLEAR
000056003,CLEAR
000056004,CLEAR
000056002,CLEAR
000056003,CLEAR
000056005,CLEAR
000056004,CLEAR
000056006,CLEAR
000056007,CLEAR
000056005,CLEAR
000056008,CLEAR
000056006,CLEAR
000056009,CLEAR
000056010,ALARM
000056007,CLEAR
000056008,CLEAR
000056009,CLEAR
000056011,ALARM
000056010,ALARM
000056012,CLEAR
000056013,ALARM
000056011,ALARM
000056012,CLEAR
000056014,ALARM
000056013,ALARM
000056015,CLEAR
000056016,CLEAR
000056014,ALARM
000056015,CLEAR
000056016,CLEAR
000056017,CLEAR
000056018,ALARM
000056017,CLEAR
000056019,CLEAR
000056020,ALARM
000056018,ALARM
000056019,CLEAR
000056021,CLEAR
000056020,ALARM
000056022,ALARM
000056021,CLEAR
000056023,CLEAR
000056024,CLEAR
000056022,ALARM
000056023,CLEAR
000056024,CLEAR
000056025,CLEAR
000056026,CLEAR
000056025,CLEAR
000056026,CLEAR
000056027,CLEAR
000056028,CLEAR
000056027,CLEAR
000056028,CLEAR
000056029,CLEAR
000056030,CLEAR
000056031,CLEAR
000056029,CLEAR
000056030,CLEAR
000056031,CLEAR
000056032,ALARM
000056032,ALARM
000056033,CLEAR
000056034,CLEAR
000056033,CLEAR
000056034,CLEAR
000056035,CLEAR
000056035,CLEAR
000056036,CLEAR
000056036,CLEAR
000056037,ALARM
000056037,ALARM
000056038,ALARM
000056039,CLEAR
000056038,ALARM
000056040,CLEAR
000056039,CLEAR
000056040,CLEAR
000056041,ALARM
000056041,ALARM
000056042,ALARM
000056042,ALARM
000056043,CLEAR
000056044,CLEAR
000056045,CLEAR
000056043,CLEAR
000056044,CLEAR
000056045,CLEAR
000056046,CLEAR
000056047,ALARM
000056046,CLEAR
000056048,CLEAR
000056049,CLEAR
000056047,ALARM
000056048,CLEAR
000056049,CLEAR
000056050,CLEAR
000056051,ALARM
000056050,CLEAR
000056051,ALARM
000056052,CLEAR
000056053,ALARM
000056052,CLEAR
000056053,ALARM
000056054,CLEAR
000056054,CLEAR
000056055,ALARM
000056056,CLEAR
000056055,ALARM
000056057,ALARM
000056056,CLEAR
000056058,CLEAR
000056057,ALARM
000056059,CLEAR
000056058,CLEAR
000056059,CLEAR
000056060,ALARM
000056061,ALARM
000056062,CLEAR
000056060,ALARM
000056061,ALARM
000056063,CLEAR
000056062,CLEAR
000056064,CLEAR
000056063,CLEAR
000056064,CLEAR
000056065,CLEAR
000056066,CLEAR
000056065,CLEAR
000056067,ALARM
000056066,CLEAR
000056067,ALARM
000056068,CLEAR
000056068,CLEAR
000056069,CLEAR
000056070,ALARM
000056069,CLEAR
000056071,CLEAR
000056070,ALARM
000056071,CLEAR
000056072,CLEAR
000056072,CLEAR
000056073,ALARM
000056074,ALARM
000056075,CLEAR
000056073,ALARM
000056074,ALARM
000056076,CLEAR
000056075,CLEAR
000056076,CLEAR
000056077,CLEAR
000056077,CLEAR
000056078,ALARM
000056078,ALARM
000056079,CLEAR
000056079,CLEAR
000056080,CLEAR
000056080,CLEAR
000056081,CLEAR
000056081,CLEAR
000056082,CLEAR
000056082,CLEAR
000056083,ALARM
000056083,ALARM
000056084,CLEAR
000056084,CLEAR
000056085,CLEAR
000056085,CLEAR
000056086,ALARM
000056087,CLEAR
000056086,ALARM
000056088,CLEAR
000056087,CLEAR
000056088,CLEAR
000056089,CLEAR
000056089,CLEAR
000056090,ALARM
000056091,CLEAR
000056090,ALARM
000056091,CLEAR
000056092,ALARM
000056092,ALARM
000056093,CLEAR
000056094,ALARM
000056093,CLEAR
000056094,ALARM
000056095,CLEAR
000056095,CLEAR
000056096,CLEAR
000056096,CLEAR
000056097,CLEAR
000056098,CLEAR
000056097,CLEAR
000056098,CLEAR
000056099,ALARM
000056099,ALARM
000056100,CLEAR
000056100,CLEAR
000056101,ALARM
000056102,CLEAR
000056101,ALARM
000056102,CLEAR
000056103,CLEAR
000056104,CLEAR
000056103,CLEAR
000056105,CLEAR
000056104,CLEAR
000056105,CLEAR
000056106,CLEAR
000056106,CLEAR
000056107,ALARM
000056108,ALARM
000056107,ALARM
000056108,ALARM
000056109,CLEAR
000056109,CLEAR
000056110,ALARM
000056111,ALARM
000056110,ALARM
000056112,CLEAR
000056111,ALARM
000056113,CLEAR
000056112,CLEAR
000056113,CLEAR
000056114,ALARM
000056115,ALARM
000056114,ALARM
000056116,CLEAR
000056115,ALARM
000056116,CLEAR
000056117,CLEAR
000056117,CLEAR
000056118,CLEAR
000056118,CLEAR
000056119,ALARM
000056120,ALARM
000056119,ALARM
000056121,CLEAR
000056120,ALARM
000056121,CLEAR
000056122,CLEAR
000056122,CLEAR
000056123,ALARM
000056124,CLEAR
000056123,ALARM
000056125,ALARM
000056124,CLEAR
000056125,ALARM
000056126,CLEAR
000056127,ALARM
000056126,CLEAR
000056127,ALARM
000056128,ALARM
000056129,CLEAR
000056128,ALARM
000056130,ALARM
000056131,ALARM
000056129,CLEAR
000056132,CLEAR
000056130,ALARM
000056131,ALARM
000056133,ALARM
000056132,CLEAR
000056133,ALARM
000056134,ALARM
000056135,CLEAR
000056136,CLEAR
000056134,ALARM
000056135,CLEAR
000056136,CLEAR
000056137,CLEAR
000056138,CLEAR
000056139,ALARM
000056137,CLEAR
000056138,CLEAR
000056139,ALARM
000056140,ALARM
000056140,ALARM
000056141,CLEAR
000056142,CLEAR
000056143,CLEAR
000056141,CLEAR
000056142,CLEAR
000056144,CLEAR
000056143,CLEAR
000056145,CLEAR
000056146,CLEAR
000056144,CLEAR
000056145,CLEAR
000056147,CLEAR
000056146,CLEAR
000056148,ALARM
000056149,ALARM
000056147,CLEAR
000056150,CLEAR
000056148,ALARM
000056149,ALARM
000056151,CLEAR
000056152,CLEAR
000056150,CLEAR
000056151,CLEAR
000056153,CLEAR
000056154,CLEAR
000056152,CLEAR
000056155,CLEAR
000056153,CLEAR
000056156,CLEAR
000056154,CLEAR
000056157,CLEAR
000056155,CLEAR
000056156,CLEAR
000056158,CLEAR
000056157,CLEAR
000056159,ALARM
000056160,CLEAR
000056158,CLEAR
000056159,ALARM
000056161,CLEAR
000056162,CLEAR
000056160,CLEAR
000056163,ALARM
000056161,CLEAR
000056164,CLEAR
000056162,CLEAR
000056163,ALARM
000056165,ALARM
000056164,CLEAR
000056166,CLEAR
000056167,CLEAR
000056165,ALARM
000056168,CLEAR
000056166,CLEAR
000056169,ALARM
000056167,CLEAR
000056170,ALARM
000056168,CLEAR
000056169,ALARM
000056171,CLEAR
000056170,ALARM
000056172,CLEAR
000056171,CLEAR
000056172,CLEAR
000056173,CLEAR
000056174,CLEAR
000056173,CLEAR
000056175,ALARM
000056176,ALARM
000056174,CLEAR
000056177,ALARM
000056175,ALARM
000056176,ALARM
000056178,CLEAR
000056179,CLEAR
000056177,ALARM
000056180,CLEAR
000056178,CLEAR
000056179,CLEAR
000056181,CLEAR
000056180,CLEAR
000056182,ALARM
000056183,ALARM
000056181,CLEAR
000056182,ALARM
000056184,CLEAR
000056185,CLEAR
000056183,ALARM
000056186,CLEAR
000056184,CLEAR
000056187,CLEAR
000056185,CLEAR
000056186,CLEAR
000056188,CLEAR
000056189,CLEAR
000056187,CLEAR
000056188,CLEAR
000056190,ALARM
000056189,CLEAR
000056191,CLEAR
000056192,CLEAR
000056190,ALARM
000056191,CLEAR
000056193,ALARM
000056194,CLEAR
000056192,CLEAR
000056195,ALARM
000056193,ALARM
000056196,CLEAR
000056194,CLEAR
000056197,ALARM
000056195,ALARM
000056196,CLEAR
000056198,CLEAR
000056199,CLEAR
000056197,ALARM
000056200,CLEAR
000056198,CLEAR
000056199,CLEAR
000056200,CLEAR
000056201,CLEAR
000056202,CLEAR
000056203,CLEAR
000056201,CLEAR
000056202,CLEAR
000056203,CLEAR
000056204,ALARM
000056204,ALARM
000056205,CLEAR
000056205,CLEAR
000056206,CLEAR
000056207,ALARM
000056206,CLEAR
000056208,CLEAR
000056207,ALARM
000056209,CLEAR
000056210,CLEAR
000056208,CLEAR
000056209,CLEAR
000056210,CLEAR
000056211,CLEAR
000056211,CLEAR
000056212,CLEAR
000056212,CLEAR
000056213,CLEAR
000056214,ALARM
000056213,CLEAR
000056214,ALARM
000056215,CLEAR
000056216,ALARM
000056217,CLEAR
000056215,CLEAR
000056216,ALARM
000056217,CLEAR
000056218,CLEAR
000056219,CLEAR
000056218,CLEAR
000056219,CLEAR
000056220,CLEAR
000056221,CLEAR
000056220,CLEAR
000056222,CLEAR
000056221,CLEAR
000056222,CLEAR
000056223,CLEAR
000056223,CLEAR
000056224,ALARM
000056225,CLEAR
000056224,ALARM
000056226,CLEAR
000056225,CLEAR
000056226,CLEAR
000056227,CLEAR
000056228,CLEAR
000056227,CLEAR
000056229,ALARM
000056228,CLEAR
000056230,CLEAR
000056229,ALARM
000056231,CLEAR
000056232,ALARM
000056230,CLEAR
000056231,CLEAR
000056233,CLEAR
000056232,ALARM
000056233,CLEAR
000056234,CLEAR
000056235,ALARM
000056236,ALARM
000056234,CLEAR
000056235,ALARM
000056237,CLEAR
000056236,ALARM
000056238,ALARM
000056239,CLEAR
000056237,CLEAR
000056238,ALARM
000056239,CLEAR
000056240,CLEAR
000056241,CLEAR
000056240,CLEAR
000056242,CLEAR
000056241,CLEAR
000056243,CLEAR
000056242,CLEAR
000056244,ALARM
000056243,CLEAR
000056245,CLEAR
000056244,ALARM
000056245,CLEAR
000056246,ALARM
000056246,ALARM
000056247,CLEAR
000056247,CLEAR
000056248,CLEAR
000056249,CLEAR
000056248,CLEAR
000056249,CLEAR
000056250,CLEAR
000056250,CLEAR
000056251,ALARM
000056252,CLEAR
000056253,ALARM
000056251,ALARM
000056252,CLEAR
000056254,CLEAR
000056255,ALARM
000056253,ALARM
000056254,CLEAR
000056255,ALARM
000056256,CLEAR
000056256,CLEAR
000056257,CLEAR
000056258,ALARM
000056257,CLEAR
000056259,CLEAR
000056258,ALARM
000056259,CLEAR
000056260,ALARM
000056261,CLEAR
000056260,ALARM
000056262,ALARM
000056263,CLEAR
000056261,CLEAR
000056262,ALARM
000056264,CLEAR
000056263,CLEAR
000056264,CLEAR
000056265,CLEAR
000056265,CLEAR
000056266,CLEAR
000056267,CLEAR
000056266,CLEAR
000056268,ALARM
000056267,CLEAR
000056269,CLEAR
000056270,CLEAR
000056268,ALARM
000056269,CLEAR
000056270,CLEAR
000056271,CLEAR
000056271,CLEAR
000056272,CLEAR
000056273,CLEAR
000056272,CLEAR
000056273,CLEAR
000056274,ALARM
000056275,CLEAR
000056276,ALARM
000056274,ALARM
000056275,CLEAR
000056277,CLEAR
000056278,CLEAR
000056276,ALARM
000056277,CLEAR
000056278,CLEAR
000056279,CLEAR
000056280,CLEAR
000056279,CLEAR
000056281,ALARM
000056280,CLEAR
000056282,ALARM
000056283,CLEAR
000056281,ALARM
000056284,ALARM
000056282,ALARM
000056283,CLEAR
000056285,CLEAR
000056284,ALARM
000056286,CLEAR
000056285,CLEAR
000056287,CLEAR
000056288,CLEAR
000056286,CLEAR
000056287,CLEAR
000056288,CLEAR
000056289,ALARM
000056290,CLEAR
000056291,CLEAR
000056289,ALARM
000056290,CLEAR
000056291,CLEAR
000056292,CLEAR
000056293,CLEAR
000056294,ALARM
000056292,CLEAR
000056295,CLEAR
000056293,CLEAR
000056294,ALARM
000056295,CLEAR
000056296,CLEAR
000056297,CLEAR
000056296,CLEAR
000056298,ALARM
000056299,CLEAR
000056297,CLEAR
000056300,CLEAR
000056298,ALARM
000056299,CLEAR
000056301,ALARM
000056302,ALARM
000056300,CLEAR
000056301,ALARM
000056303,CLEAR
000056304,CLEAR
000056302,ALARM
000056303,CLEAR
000056305,CLEAR
000056306,CLEAR
000056304,CLEAR
000056307,CLEAR
000056305,CLEAR
000056308,CLEAR
000056306,CLEAR
000056309,CLEAR
000056307,CLEAR
000056310,ALARM
000056308,CLEAR
000056311,CLEAR
000056309,CLEAR
000056312,CLEAR
000056310,ALARM
000056313,ALARM
000056311,CLEAR
000056314,CLEAR
000056312,CLEAR
000056313,ALARM
000056315,ALARM
000056316,CLEAR
000056314,CLEAR
000056317,CLEAR
000056315,ALARM
000056318,ALARM
000056316,CLEAR
000056319,CLEAR
000056317,CLEAR
000056320,CLEAR
000056318,ALARM
000056321,CLEAR
000056319,CLEAR
000056322,CLEAR
000056320,CLEAR
000056323,CLEAR
000056321,CLEAR
000056324,CLEAR
000056322,CLEAR
000056323,CLEAR
000056324,CLEAR
000056325,CLEAR
000056326,CLEAR
000056325,CLEAR
000056327,CLEAR
000056326,CLEAR
000056328,ALARM
000056327,CLEAR
000056328,ALARM
000056329,CLEAR
000056330,CLEAR
000056329,CLEAR
000056331,ALARM
000056330,CLEAR
000056332,CLEAR
000056331,ALARM
000056333,CLEAR
000056332,CLEAR
000056334,CLEAR
000056333,CLEAR
000056334,CLEAR
000056335,CLEAR
000056336,CLEAR
000056335,CLEAR
000056336,CLEAR
000056337,ALARM
000056337,ALARM
000056338,ALARM
000056338,ALARM
000056339,ALARM
000056340,CLEAR
000056339,ALARM
000056340,CLEAR
000056341,CLEAR
000056341,CLEAR
000056342,ALARM
000056343,CLEAR
000056342,ALARM
000056343,CLEAR
000056344,ALARM
000056345,CLEAR
000056346,CLEAR
000056344,ALARM
000056345,CLEAR
000056347,ALARM
000056346,CLEAR
000056348,CLEAR
000056349,CLEAR
000056347,ALARM
000056348,CLEAR
000056349,CLEAR
000056350,CLEAR
000056351,ALARM
000056352,ALARM
000056350,CLEAR
000056351,ALARM
000056353,ALARM
000056352,ALARM
000056354,ALARM
000056355,CLEAR
000056353,ALARM
000056354,ALARM
000056356,CLEAR
000056355,CLEAR
000056357,CLEAR
000056356,CLEAR
000056358,CLEAR
000056359,CLEAR
000056357,CLEAR
000056360,ALARM
000056358,CLEAR
000056359,CLEAR
000056360,ALARM
000056361,CLEAR
000056362,ALARM
000056361,CLEAR
000056362,ALARM
000056363,CLEAR
000056364,ALARM
000056363,CLEAR
000056365,CLEAR
000056366,ALARM
000056364,ALARM
000056365,CLEAR
000056366,ALARM
000056367,CLEAR
000056367,CLEAR
000056368,CLEAR
000056369,CLEAR
000056368,CLEAR
000056369,CLEAR
000056371,CLEAR
000056370,ALARM
000056372,CLEAR
000056370,ALARM
000056371,CLEAR
000056373,CLEAR
000056372,CLEAR
000056374,CLEAR
000056373,CLEAR
000056375,CLEAR
000056374,CLEAR
000056376,CLEAR
000056375,CLEAR
000056376,CLEAR
000056377,CLEAR
000056377,CLEAR
000056378,CLEAR
000056379,CLEAR
000056378,CLEAR
000056380,CLEAR
000056379,CLEAR
000056380,CLEAR
000056381,CLEAR
000056381,CLEAR
000056382,CLEAR
000056382,CLEAR
000056383,CLEAR
000056383,CLEAR
000056384,CLEAR
000056385,CLEAR
000056384,CLEAR
000056386,CLEAR
000056385,CLEAR
000056386,CLEAR
000056387,ALARM
000056388,ALARM
000056387,ALARM
000056388,ALARM
000056389,CLEAR
000056389,CLEAR
000056390,CLEAR
000056390,CLEAR
000056391,CLEAR
000056391,CLEAR
000056392,ALARM
000056392,ALARM
000056393,CLEAR
000056393,CLEAR
000056394,CLEAR
000056394,CLEAR
000056395,BAG_NOT_ANALYZED
000056396,CLEAR
000056397,BAG_NOT_ANALYZED
000056398,CLEAR
000056399,CLEAR
000056401,CLEAR
000056400,CLEAR
000056395,BAG_NOT_ANALYZED
000056396,CLEAR
000056402,CLEAR
000056403,ALARM
000056404,ALARM
000056397,BAG_NOT_ANALYZED
000056398,CLEAR
000056399,CLEAR
000056400,CLEAR
000056401,CLEAR
000056402,CLEAR
000056403,ALARM
000056404,ALARM
000056405,CLEAR
000056405,CLEAR
000056406,CLEAR
000056406,CLEAR
000056407,CLEAR
000056407,CLEAR
000056408,CLEAR
000056409,CLEAR
000056408,CLEAR
000056409,CLEAR
000056410,ALARM
000056411,CLEAR
000056410,ALARM
000056411,CLEAR
000056412,CLEAR
000056413,CLEAR
000056412,CLEAR
000056413,CLEAR
000056414,CLEAR
000056414,CLEAR
000056415,ALARM
000056415,ALARM
000056416,CLEAR
000056417,CLEAR
000056416,CLEAR
000056418,CLEAR
000056417,CLEAR
000056419,ALARM
000056418,CLEAR
000056420,CLEAR
000056419,ALARM
000056421,CLEAR
000056420,CLEAR
000056422,ALARM
000056421,CLEAR
000056423,CLEAR
000056424,CLEAR
000056422,ALARM
000056423,CLEAR
000056424,CLEAR
000056425,CLEAR
000056426,ALARM
000056425,CLEAR
000056427,CLEAR
000056426,ALARM
000056427,CLEAR
000056428,CLEAR
000056428,CLEAR
000056429,CLEAR
000056429,CLEAR
000056430,CLEAR
000056431,CLEAR
000056430,CLEAR
000056431,CLEAR
000056432,CLEAR
000056432,CLEAR
000056433,ALARM
000056433,ALARM
000056434,CLEAR
000056434,CLEAR
000056435,ALARM
000056435,ALARM
000056436,CLEAR
000056437,CLEAR
000056436,CLEAR
000056437,CLEAR
000056438,CLEAR
000056438,CLEAR
000056439,CLEAR
000056439,CLEAR
000056440,ALARM
000056441,CLEAR
000056440,ALARM
000056442,CLEAR
000056441,CLEAR
000056442,CLEAR
000056443,CLEAR
000056443,CLEAR
000056444,CLEAR
000056444,CLEAR
000056445,ALARM
000056446,ALARM
000056445,ALARM
000056446,ALARM
000056447,CLEAR
000056448,CLEAR
000056447,CLEAR
000056449,CLEAR
000056448,CLEAR
000056450,ALARM
000056449,CLEAR
000056450,ALARM
000056451,ALARM
000056451,ALARM
000056452,CLEAR
000056453,CLEAR
000056452,CLEAR
000056453,CLEAR
000056454,CLEAR
000056454,CLEAR
000056455,CLEAR
000056455,CLEAR
000056456,ALARM
000056457,CLEAR
000056456,ALARM
000056458,CLEAR
000056457,CLEAR
000056458,CLEAR
000056459,CLEAR
000056459,CLEAR
000056460,CLEAR
000056460,CLEAR
000056461,ALARM
000056461,ALARM
000056462,CLEAR
000056462,CLEAR
000056463,ALARM
000056464,CLEAR
000056463,ALARM
000056465,CLEAR
000056464,CLEAR
000056466,CLEAR
000056467,CLEAR
000056465,CLEAR
000056466,CLEAR
000056467,CLEAR
000056468,CLEAR
000056468,CLEAR
000056469,CLEAR
000056470,CLEAR
000056469,CLEAR
000056471,ALARM
000056470,CLEAR
000056472,CLEAR
000056471,ALARM
000056472,CLEAR
000056473,CLEAR
000056473,CLEAR
000056474,ALARM
000056475,CLEAR
000056476,CLEAR
000056474,ALARM
000056475,CLEAR
000056476,CLEAR
000056477,CLEAR
000056477,CLEAR
000056478,CLEAR
000056478,CLEAR
000056479,CLEAR
000056480,CLEAR
000056479,CLEAR
000056480,CLEAR
000056481,CLEAR
000056481,CLEAR
000056482,CLEAR
000056483,CLEAR
000056482,CLEAR
000056483,CLEAR
000056484,CLEAR
000056484,CLEAR
000056485,CLEAR
000056486,CLEAR
000056487,ALARM
000056485,CLEAR
000056486,CLEAR
000056487,ALARM
000056488,CLEAR
000056488,CLEAR
000056489,ALARM
000056489,ALARM
000056490,CLEAR
000056491,CLEAR
000056492,ALARM
000056490,CLEAR
000056491,CLEAR
000056492,ALARM
000056493,CLEAR
000056493,CLEAR
000056494,CLEAR
000056495,CLEAR
000056496,CLEAR
000056494,CLEAR
000056495,CLEAR
000056497,CLEAR
000056496,CLEAR
000056498,CLEAR
000056499,CLEAR
000056497,CLEAR
000056500,ALARM
000056498,CLEAR
000056499,CLEAR
000056501,CLEAR
000056500,ALARM
000056502,ALARM
000056501,CLEAR
000056503,CLEAR
000056504,CLEAR
000056502,ALARM
000056503,CLEAR
000056504,CLEAR
000056505,CLEAR
000056506,CLEAR
000056507,CLEAR
000056505,CLEAR
000056506,CLEAR
000056508,ALARM
000056507,CLEAR
000056508,ALARM
000056509,CLEAR
000056509,CLEAR
000056510,ALARM
000056511,CLEAR
000056510,ALARM
000056511,CLEAR
000056512,CLEAR
000056513,ALARM
000056512,CLEAR
000056513,ALARM
000056514,CLEAR
000056514,CLEAR
000056515,CLEAR
000056516,ALARM
000056515,CLEAR
000056516,ALARM
000056517,CLEAR
000056518,CLEAR
000056517,CLEAR
000056518,CLEAR
000056519,CLEAR
000056520,ALARM
000056519,CLEAR
000056521,CLEAR
000056520,ALARM
000056522,ALARM
000056521,CLEAR
000056523,ALARM
000056522,ALARM
000056524,ALARM
000056523,ALARM
000056525,CLEAR
000056524,ALARM
000056525,CLEAR
000056526,CLEAR
000056526,CLEAR
000056527,CLEAR
000056528,CLEAR
000056527,CLEAR
000056528,CLEAR
000056529,ALARM
000056529,ALARM
000056530,CLEAR
000056530,CLEAR
000056531,ALARM
000056531,ALARM
000056532,ALARM
000056533,ALARM
000056532,ALARM
000056534,CLEAR
000056533,ALARM
000056535,CLEAR
000056534,CLEAR
000056535,CLEAR
000056536,ALARM
000056536,ALARM
000056537,ALARM
000056537,ALARM
000056538,ALARM
000056539,ALARM
000056540,ALARM
000056538,ALARM
000056539,ALARM
000056540,ALARM
000056541,ALARM
000056542,CLEAR
000056541,ALARM
000056543,CLEAR
000056542,CLEAR
000056543,CLEAR
000056544,CLEAR
000056545,CLEAR
000056544,CLEAR
000056545,CLEAR
000056546,CLEAR
000056546,CLEAR
000056547,CLEAR
000056547,CLEAR
000056548,CLEAR
000056549,ALARM
000056548,CLEAR
000056550,CLEAR
000056549,ALARM
000056550,CLEAR
000056551,CLEAR
000056551,CLEAR
000056552,CLEAR
000056552,CLEAR
000056553,CLEAR
000056553,CLEAR
000056554,CLEAR
000056555,CLEAR
000056554,CLEAR
000056555,CLEAR
000056556,ALARM
000056557,CLEAR
000056556,ALARM
000056558,CLEAR
000056557,CLEAR
000056559,CLEAR
000056558,CLEAR
000056559,CLEAR
000056560,ALARM
000056561,CLEAR
000056562,CLEAR
000056560,ALARM
000056561,CLEAR
000056562,CLEAR
000056563,CLEAR
000056563,CLEAR
000056564,CLEAR
000056565,CLEAR
000056564,CLEAR
000056566,ALARM
000056565,CLEAR
000056566,ALARM
000056567,ALARM
000056568,ALARM
000056569,ALARM
000056567,ALARM
000056570,CLEAR
000056568,ALARM
000056569,ALARM
000056570,CLEAR
000056571,CLEAR
000056571,CLEAR
000056572,CLEAR
000056573,CLEAR
000056572,CLEAR
000056574,ALARM
000056573,CLEAR
000056574,ALARM
000056575,ALARM
000056575,ALARM
000056576,CLEAR
000056577,ALARM
000056578,CLEAR
000056576,CLEAR
000056579,CLEAR
000056577,ALARM
000056580,CLEAR
000056578,CLEAR
000056579,CLEAR
000056580,CLEAR
000056581,CLEAR
000056582,ALARM
000056581,CLEAR
000056582,ALARM
000056583,ALARM
000056584,CLEAR
000056583,ALARM
000056585,ALARM
000056584,CLEAR
000056586,CLEAR
000056585,ALARM
000056587,CLEAR
000056586,CLEAR
000056588,ALARM
000056589,CLEAR
000056587,CLEAR
000056590,CLEAR
000056588,ALARM
000056589,CLEAR
000056591,ALARM
000056590,CLEAR
000056591,ALARM
000056592,CLEAR
000056592,CLEAR
000056593,ALARM
000056594,CLEAR
000056595,ALARM
000056593,ALARM
000056596,ALARM
000056594,CLEAR
000056597,CLEAR
000056595,ALARM
000056596,ALARM
000056598,CLEAR
000056597,CLEAR
000056599,CLEAR
000056598,CLEAR
000056600,CLEAR
000056599,CLEAR
000056601,CLEAR
000056600,CLEAR
000056602,CLEAR
000056601,CLEAR
000056603,CLEAR
000056602,CLEAR
000056604,ALARM
000056603,CLEAR
000056605,CLEAR
000056604,ALARM
000056606,ALARM
000056605,CLEAR
000056607,CLEAR
000056608,CLEAR
000056606,ALARM
000056607,CLEAR
000056608,CLEAR
000056609,CLEAR
000056609,CLEAR
000056610,ALARM
000056611,CLEAR
000056610,ALARM
000056612,CLEAR
000056611,CLEAR
000056613,CLEAR
000056612,CLEAR
000056613,CLEAR
000056614,CLEAR
000056614,CLEAR
000056615,ALARM
000056616,CLEAR
000056615,ALARM
000056616,CLEAR
000056617,CLEAR
000056617,CLEAR
000056618,CLEAR
000056618,CLEAR
000056619,ALARM
000056620,CLEAR
000056621,ALARM
000056619,ALARM
000056620,CLEAR
000056622,ALARM
000056621,ALARM
000056623,CLEAR
000056624,CLEAR
000056622,ALARM
000056625,CLEAR
000056623,CLEAR
000056624,CLEAR
000056625,CLEAR
000056626,CLEAR
000056626,CLEAR
000056627,CLEAR
000056628,ALARM
000056627,CLEAR
000056629,ALARM
000056628,ALARM
000056630,CLEAR
000056629,ALARM
000056630,CLEAR
000056631,ALARM
000056632,CLEAR
000056631,ALARM
000056632,CLEAR
000056633,CLEAR
000056634,ALARM
000056633,CLEAR
000056635,CLEAR
000056636,CLEAR
000056634,ALARM
000056635,CLEAR
000056636,CLEAR
000056637,CLEAR
000056638,CLEAR
000056637,CLEAR
000056639,CLEAR
000056640,CLEAR
000056638,CLEAR
000056639,CLEAR
000056640,CLEAR
000056641,ALARM
000056642,ALARM
000056641,ALARM
000056643,ALARM
000056644,CLEAR
000056642,ALARM
000056643,ALARM
000056645,CLEAR
000056644,CLEAR
000056646,ALARM
000056645,CLEAR
000056646,ALARM
000056647,CLEAR
000056648,ALARM
000056647,CLEAR
000056649,ALARM
000056648,ALARM
000056650,CLEAR
000056649,ALARM
000056650,CLEAR
000056651,CLEAR
000056651,CLEAR
000056652,CLEAR
000056653,CLEAR
000056652,CLEAR
000056654,CLEAR
000056653,CLEAR
000056655,CLEAR
000056654,CLEAR
000056655,CLEAR
000056656,ALARM
000056657,CLEAR
000056656,ALARM
000056657,CLEAR
000056658,CLEAR
000056659,CLEAR
000056658,CLEAR
000056659,CLEAR
000056660,CLEAR
000056661,CLEAR
000056660,CLEAR
000056662,CLEAR
000056661,CLEAR
000056662,CLEAR
000056663,ALARM
000056664,CLEAR
000056663,ALARM
000056665,CLEAR
000056664,CLEAR
000056665,CLEAR
000056666,ALARM
000056667,ALARM
000056666,ALARM
000056667,ALARM
000056668,CLEAR
000056669,CLEAR
000056668,CLEAR
000056669,CLEAR
000056670,ALARM
000056671,CLEAR
000056670,ALARM
000056672,ALARM
000056671,CLEAR
000056673,CLEAR
000056674,ALARM
000056672,ALARM
000056673,CLEAR
000056675,CLEAR
000056676,CLEAR
000056674,ALARM
000056675,CLEAR
000056677,CLEAR
000056678,CLEAR
000056676,CLEAR
000056677,CLEAR
000056679,CLEAR
000056678,CLEAR
000056679,CLEAR
000056680,CLEAR
000056681,CLEAR
000056680,CLEAR
000056681,CLEAR
000056682,CLEAR
000056683,CLEAR
000056684,ALARM
000056682,CLEAR
000056683,CLEAR
000056685,CLEAR
000056686,CLEAR
000056684,ALARM
000056685,CLEAR
000056687,CLEAR
000056686,CLEAR
000056688,CLEAR
000056689,CLEAR
000056687,CLEAR
000056688,CLEAR
000056690,CLEAR
000056689,CLEAR
000056691,ALARM
000056690,CLEAR
000056692,CLEAR
000056691,ALARM
000056693,ALARM
000056694,CLEAR
000056692,CLEAR
000056695,CLEAR
000056693,ALARM
000056694,CLEAR
000056696,CLEAR
000056695,CLEAR
000056697,ALARM
000056696,CLEAR
000056697,ALARM
000056698,CLEAR
000056699,CLEAR
000056698,CLEAR
000056700,ALARM
000056699,CLEAR
000056701,CLEAR
000056702,CLEAR
000056700,ALARM
000056703,ALARM
000056701,CLEAR
000056702,CLEAR
000056704,CLEAR
000056705,ALARM
000056703,ALARM
000056704,CLEAR
000056706,ALARM
000056705,ALARM
000056707,CLEAR
000056706,ALARM
000056708,ALARM
000056707,CLEAR
000056709,CLEAR
000056708,ALARM
000056710,CLEAR
000056709,CLEAR
000056711,ALARM
000056712,CLEAR
000056710,CLEAR
000056711,ALARM
000056713,CLEAR
000056714,CLEAR
000056712,CLEAR
000056715,CLEAR
000056713,CLEAR
000056714,CLEAR
000056716,ALARM
000056717,ALARM
000056715,CLEAR
000056716,ALARM
000056718,ALARM
000056717,ALARM
000056719,CLEAR
000056720,CLEAR
000056718,ALARM
000056721,CLEAR
000056719,CLEAR
000056720,CLEAR
000056721,CLEAR
000056722,CLEAR
000056723,ALARM
000056722,CLEAR
000056724,CLEAR
000056725,CLEAR
000056723,ALARM
000056724,CLEAR
000056726,ALARM
000056725,CLEAR
000056727,CLEAR
000056726,ALARM
000056728,CLEAR
000056727,CLEAR
000056729,ALARM
000056728,CLEAR
000056730,CLEAR
000056731,ALARM
000056729,ALARM
000056732,ALARM
000056730,CLEAR
000056733,CLEAR
000056731,ALARM
000056732,ALARM
000056734,ALARM
000056735,CLEAR
000056733,CLEAR
000056736,ALARM
000056734,ALARM
000056735,CLEAR
000056737,CLEAR
000056736,ALARM
000056738,CLEAR
000056737,CLEAR
000056739,CLEAR
000056738,CLEAR
000056740,ALARM
000056739,CLEAR
000056741,CLEAR
000056742,CLEAR
000056740,ALARM
000056743,ALARM
000056741,CLEAR
000056744,CLEAR
000056742,CLEAR
000056743,ALARM
000056745,CLEAR
000056744,CLEAR
000056746,ALARM
000056745,CLEAR
000056747,ALARM
000056748,CLEAR
000056746,ALARM
000056747,ALARM
000056749,ALARM
000056750,ALARM
000056748,CLEAR
000056749,ALARM
000056751,CLEAR
000056752,CLEAR
000056750,ALARM
000056753,ALARM
000056751,CLEAR
000056754,CLEAR
000056752,CLEAR
000056755,CLEAR
000056753,ALARM
000056756,CLEAR
000056754,CLEAR
000056757,ALARM
000056755,CLEAR
000056758,ALARM
000056756,CLEAR
000056759,CLEAR
000056757,ALARM
000056760,ALARM
000056758,ALARM
000056759,CLEAR
000056761,ALARM
000056762,ALARM
000056760,ALARM
000056763,CLEAR
000056761,ALARM
000056762,ALARM
000056764,CLEAR
000056763,CLEAR
000056765,CLEAR
000056766,ALARM
000056764,CLEAR
000056767,CLEAR
000056765,CLEAR
000056766,ALARM
000056768,CLEAR
000056769,CLEAR
000056767,CLEAR
000056770,CLEAR
000056768,CLEAR
000056771,ALARM
000056769,CLEAR
000056772,CLEAR
000056770,CLEAR
000056773,CLEAR
000056771,ALARM
000056774,ALARM
000056772,CLEAR
000056775,CLEAR
000056773,CLEAR
000056774,ALARM
000056776,CLEAR
000056775,CLEAR
000056777,CLEAR
000056778,ALARM
000056776,CLEAR
000056779,CLEAR
000056777,CLEAR
000056778,ALARM
000056780,CLEAR
000056781,CLEAR
000056779,CLEAR
000056782,CLEAR
000056780,CLEAR
000056783,CLEAR
000056781,CLEAR
000056784,CLEAR
000056782,CLEAR
000056783,CLEAR
000056785,CLEAR
000056786,ALARM
000056784,CLEAR
000056785,CLEAR
000056787,ALARM
000056786,ALARM
000056787,ALARM
000056788,CLEAR
000056789,CLEAR
000056788,CLEAR
000056789,CLEAR
000056790,CLEAR
000056791,CLEAR
000056792,CLEAR
000056795,CLEAR
000056793,CLEAR
000056794,CLEAR
000056796,CLEAR
000056790,CLEAR
000056791,CLEAR
000056792,CLEAR
000056793,CLEAR
000056794,CLEAR
000056798,CLEAR
000056795,CLEAR
000056799,CLEAR
000056796,CLEAR
000056798,CLEAR
000056800,ALARM
000056799,CLEAR
000056801,ALARM
000056802,ALARM
000056800,ALARM
000056801,ALARM
000056803,CLEAR
000056804,CLEAR
000056802,ALARM
000056803,CLEAR
000056805,CLEAR
000056806,ALARM
000056804,CLEAR
000056805,CLEAR
000056806,ALARM
000056807,CLEAR
000056808,CLEAR
000056807,CLEAR
000056809,CLEAR
000056808,CLEAR
000056810,ALARM
000056809,CLEAR
000056811,ALARM
000056812,CLEAR
000056810,ALARM
000056813,CLEAR
000056811,ALARM
000056814,CLEAR
000056812,CLEAR
000056813,CLEAR
000056815,ALARM
000056814,CLEAR
000056816,CLEAR
000056817,ALARM
000056815,ALARM
000056816,CLEAR
000056818,ALARM
000056819,ALARM
000056817,ALARM
000056818,ALARM
000056820,CLEAR
000056819,ALARM
000056821,CLEAR
000056820,CLEAR
000056822,CLEAR
000056823,CLEAR
000056821,CLEAR
000056824,CLEAR
000056822,CLEAR
000056825,CLEAR
000056823,CLEAR
000056826,ALARM
000056824,CLEAR
000056825,CLEAR
000056827,ALARM
000056828,CLEAR
000056826,ALARM
000056829,ALARM
000056827,ALARM
000056828,CLEAR
000056830,CLEAR
000056831,CLEAR
000056829,ALARM
000056830,CLEAR
000056832,CLEAR
000056833,CLEAR
000056831,CLEAR
000056832,CLEAR
000056834,ALARM
000056833,CLEAR
000056835,CLEAR
000056836,CLEAR
000056834,ALARM
000056835,CLEAR
000056837,CLEAR
000056836,CLEAR
000056838,CLEAR
000056839,CLEAR
000056837,CLEAR
000056838,CLEAR
000056840,CLEAR
000056839,CLEAR
000056841,ALARM
000056840,CLEAR
000056842,CLEAR
000056841,ALARM
000056843,CLEAR
000056844,ALARM
000056842,CLEAR
000056845,CLEAR
000056843,CLEAR
000056844,ALARM
000056846,CLEAR
000056845,CLEAR
000056846,CLEAR
000056847,CLEAR
000056847,CLEAR
000056848,ALARM
000056849,CLEAR
000056848,ALARM
000056850,ALARM
000056849,CLEAR
000056851,ALARM
000056852,CLEAR
000056850,ALARM
000056853,CLEAR
000056851,ALARM
000056854,CLEAR
000056852,CLEAR
000056853,CLEAR
000056854,CLEAR
000056855,ALARM
000056855,ALARM
000056856,CLEAR
000056857,ALARM
000056856,CLEAR
000056858,ALARM
000056859,CLEAR
000056857,ALARM
000056858,ALARM
000056860,CLEAR
000056859,CLEAR
000056860,CLEAR
000056861,ALARM
000056862,CLEAR
000056861,ALARM
000056862,CLEAR
000056863,CLEAR
000056864,CLEAR
000056863,CLEAR
000056865,CLEAR
000056864,CLEAR
000056865,CLEAR
000056866,CLEAR
000056866,CLEAR
000056867,CLEAR
000056867,CLEAR
000056868,ALARM
000056868,ALARM
000056869,CLEAR
000056870,CLEAR
000056869,CLEAR
000056870,CLEAR
000056871,ALARM
000056872,ALARM
000056871,ALARM
000056872,ALARM
000056873,CLEAR
000056874,CLEAR
000056873,CLEAR
000056874,CLEAR
000056875,CLEAR
000056875,CLEAR
000056876,ALARM
000056876,ALARM
000056877,CLEAR
000056878,CLEAR
000056877,CLEAR
000056878,CLEAR
000056879,ALARM
000056880,CLEAR
000056879,ALARM
000056880,CLEAR
000056881,CLEAR
000056881,CLEAR
000056882,CLEAR
000056882,CLEAR
000056883,ALARM
000056883,ALARM
000056884,ALARM
000056885,ALARM
000056884,ALARM
000056886,CLEAR
000056885,ALARM
000056887,CLEAR
000056886,CLEAR
000056887,CLEAR
000056888,CLEAR
000056889,CLEAR
000056888,CLEAR
000056890,ALARM
000056889,CLEAR
000056891,ALARM
000056892,CLEAR
000056890,ALARM
000056891,ALARM
000056893,CLEAR
000056892,CLEAR
000056894,CLEAR
000056893,CLEAR
000056895,CLEAR
000056894,CLEAR
000056896,ALARM
000056895,CLEAR
000056896,ALARM
000056897,ALARM
000056898,CLEAR
000056899,CLEAR
000056897,ALARM
000056898,CLEAR
000056900,ALARM
000056899,CLEAR
000056901,ALARM
000056900,ALARM
000056902,CLEAR
000056901,ALARM
000056903,CLEAR
000056904,ALARM
000056902,CLEAR
000056903,CLEAR
000056905,CLEAR
000056904,ALARM
000056906,CLEAR
000056905,CLEAR
000056906,CLEAR
000056907,CLEAR
000056907,CLEAR
000056908,CLEAR
000056908,CLEAR
000056909,ALARM
000056909,ALARM
000056910,CLEAR
000056910,CLEAR
000056911,CLEAR
000056912,CLEAR
000056911,CLEAR
000056912,CLEAR
000056913,CLEAR
000056913,CLEAR
000056914,CLEAR
000056914,CLEAR
000056915,CLEAR
000056915,CLEAR
000056916,CLEAR
000056916,CLEAR
000056917,CLEAR
000056917,CLEAR
000056918,CLEAR
000056919,ALARM
000056918,CLEAR
000056920,CLEAR
000056919,ALARM
000056921,CLEAR
000056920,CLEAR
000056922,ALARM
000056921,CLEAR
000056923,ALARM
000056924,CLEAR
000056922,ALARM
000056923,ALARM
000056924,CLEAR
000056925,ALARM
000056926,ALARM
000056925,ALARM
000056927,CLEAR
000056926,ALARM
000056928,CLEAR
000056927,CLEAR
000056928,CLEAR
000056929,CLEAR
000056929,CLEAR
000056930,CLEAR
000056931,CLEAR
000056930,CLEAR
000056932,CLEAR
000056931,CLEAR
000056933,CLEAR
000056932,CLEAR
000056934,ALARM
000056933,CLEAR
000056934,ALARM
000056935,ALARM
000056936,CLEAR
000056937,CLEAR
000056935,ALARM
000056936,CLEAR
000056938,CLEAR
000056937,CLEAR
000056939,CLEAR
000056938,CLEAR
000056939,CLEAR
000056940,ALARM
000056941,ALARM
000056940,ALARM
000056942,CLEAR
000056943,CLEAR
000056941,ALARM
000056942,CLEAR
000056944,CLEAR
000056943,CLEAR
000056945,ALARM
000056944,CLEAR
000056945,ALARM
000056946,CLEAR
000056946,CLEAR
000056947,CLEAR
000056947,CLEAR
000056948,ALARM
000056948,ALARM
000056949,ALARM
000056950,ALARM
000056951,CLEAR
000056949,ALARM
000056950,ALARM
000056951,CLEAR
000056952,CLEAR
000056953,CLEAR
000056952,CLEAR
000056954,CLEAR
000056953,CLEAR
000056955,CLEAR
000056954,CLEAR
000056956,CLEAR
000056955,CLEAR
000056957,CLEAR
000056956,CLEAR
000056957,CLEAR
000056958,ALARM
000056959,CLEAR
000056960,CLEAR
000056958,ALARM
000056959,CLEAR
000056960,CLEAR
000056961,CLEAR
000056961,CLEAR
000056962,CLEAR
000056963,CLEAR
000056962,CLEAR
000056964,ALARM
000056963,CLEAR
000056965,CLEAR
000056964,ALARM
000056966,CLEAR
000056965,CLEAR
000056966,CLEAR
000056967,ALARM
000056968,CLEAR
000056967,ALARM
000056968,CLEAR
000056969,CLEAR
000056970,CLEAR
000056971,CLEAR
000056969,CLEAR
000056970,CLEAR
000056971,CLEAR
000056972,CLEAR
000056973,CLEAR
000056972,CLEAR
000056974,CLEAR
000056973,CLEAR
000056974,CLEAR
000056975,CLEAR
000056975,CLEAR
000056976,CLEAR
000056976,CLEAR
000056977,CLEAR
000056977,CLEAR
000056978,CLEAR
000056978,CLEAR
000056979,CLEAR
000056979,CLEAR
000056980,ALARM
000056980,ALARM
000056981,ALARM
000056982,CLEAR
000056981,ALARM
000056983,CLEAR
000056982,CLEAR
000056983,CLEAR
000056984,CLEAR
000056984,CLEAR
000056985,ALARM
000056986,ALARM
000056987,CLEAR
000056985,ALARM
000056986,ALARM
000056988,CLEAR
000056989,CLEAR
000056987,CLEAR
000056990,CLEAR
000056988,CLEAR
000056989,CLEAR
000056991,CLEAR
000056992,ALARM
000056990,CLEAR
000056991,CLEAR
000056993,ALARM
000056994,ALARM
000056995,CLEAR
000056992,ALARM
000056993,ALARM
000056996,ALARM
000056994,ALARM
000056997,CLEAR
000056995,CLEAR
000056996,ALARM
000056997,CLEAR
000056998,ALARM
000056999,ALARM
000057000,ALARM
000056998,ALARM
000057001,ALARM
000056999,ALARM
000057000,ALARM
000057002,ALARM
000057001,ALARM
000057003,CLEAR
000057004,ALARM
000057002,ALARM
000057003,CLEAR
000057005,CLEAR
000057006,CLEAR
000057004,ALARM
000057005,CLEAR
000057007,CLEAR
000057006,CLEAR
000057008,CLEAR
000057007,CLEAR
000057009,CLEAR
000057010,ALARM
000057008,CLEAR
000057009,CLEAR
000057011,ALARM
000057010,ALARM
000057012,ALARM
000057013,ALARM
000057011,ALARM
000057012,ALARM
000057014,CLEAR
000057013,ALARM
000057015,CLEAR
000057016,CLEAR
000057014,CLEAR
000057017,CLEAR
000057015,CLEAR
000057018,CLEAR
000057016,CLEAR
000057017,CLEAR
000057019,CLEAR
000057020,CLEAR
000057018,CLEAR
000057019,CLEAR
000057021,CLEAR
000057022,ALARM
000057020,CLEAR
000057021,CLEAR
000057023,ALARM
000057022,ALARM
000057024,CLEAR
000057025,CLEAR
000057023,ALARM
000057024,CLEAR
000057025,CLEAR
000057026,CLEAR
000057027,CLEAR
000057026,CLEAR
000057028,CLEAR
000057029,CLEAR
000057027,CLEAR
000057028,CLEAR
000057030,CLEAR
000057031,CLEAR
000057029,CLEAR
000057032,ALARM
000057030,CLEAR
000057031,CLEAR
000057032,ALARM
000057033,CLEAR
000057034,CLEAR
000057035,CLEAR
000057033,CLEAR
000057034,CLEAR
000057035,CLEAR
000057036,CLEAR
000057037,CLEAR
000057036,CLEAR
000057038,CLEAR
000057037,CLEAR
000057039,CLEAR
000057038,CLEAR
000057040,CLEAR
000057039,CLEAR
000057041,CLEAR
000057040,CLEAR
000057042,CLEAR
000057043,CLEAR
000057041,CLEAR
000057042,CLEAR
000057044,CLEAR
000057043,CLEAR
000057045,CLEAR
000057044,CLEAR
000057045,CLEAR
000057046,CLEAR
000057047,CLEAR
000057046,CLEAR
000057048,ALARM
000057047,CLEAR
000057049,ALARM
000057050,CLEAR
000057048,ALARM
000057051,CLEAR
000057049,ALARM
000057052,CLEAR
000057050,CLEAR
000057051,CLEAR
000057052,CLEAR
000057053,CLEAR
000057054,CLEAR
000057053,CLEAR
000057055,ALARM
000057054,CLEAR
000057056,CLEAR
000057055,ALARM
000057057,CLEAR
000057056,CLEAR
000057058,CLEAR
000057057,CLEAR
000057058,CLEAR
000057059,CLEAR
000057059,CLEAR
000057060,ALARM
000057061,CLEAR
000057060,ALARM
000057061,CLEAR
000057062,CLEAR
000057063,CLEAR
000057064,CLEAR
000057062,CLEAR
000057063,CLEAR
000057065,CLEAR
000057066,ALARM
000057064,CLEAR
000057065,CLEAR
000057067,CLEAR
000057068,ALARM
000057066,ALARM
000057067,CLEAR
000057069,CLEAR
000057070,CLEAR
000057068,ALARM
000057069,CLEAR
000057071,CLEAR
000057070,CLEAR
000057072,CLEAR
000057071,CLEAR
000057072,CLEAR
000057073,ALARM
000057073,ALARM
000057074,CLEAR
000057075,CLEAR
000057074,CLEAR
000057076,CLEAR
000057075,CLEAR
000057077,CLEAR
000057076,CLEAR
000057078,ALARM
000057077,CLEAR
000057079,CLEAR
000057078,ALARM
000057080,CLEAR
000057079,CLEAR
000057081,CLEAR
000057080,CLEAR
000057082,CLEAR
000057081,CLEAR
000057083,ALARM
000057084,CLEAR
000057082,CLEAR
000057083,ALARM
000057085,CLEAR
000057084,CLEAR
000057086,CLEAR
000057085,CLEAR
000057087,CLEAR
000057088,CLEAR
000057086,CLEAR
000057087,CLEAR
000057088,CLEAR
000057089,ALARM
000057090,CLEAR
000057089,ALARM
000057091,CLEAR
000057090,CLEAR
000057091,CLEAR
000057092,ALARM
000057092,ALARM
000057093,CLEAR
000057094,CLEAR
000057095,CLEAR
000057093,CLEAR
000057094,CLEAR
000057095,CLEAR
000057096,CLEAR
000057097,CLEAR
000057096,CLEAR
000057098,CLEAR
000057097,CLEAR
000057099,ALARM
000057098,CLEAR
000057099,ALARM
000057100,ALARM
000057100,ALARM
000057101,CLEAR
000057102,ALARM
000057103,CLEAR
000057101,CLEAR
000057104,ALARM
000057102,ALARM
000057103,CLEAR
000057105,CLEAR
000057106,CLEAR
000057104,ALARM
000057105,CLEAR
000057107,CLEAR
000057106,CLEAR
000057107,CLEAR
000057108,CLEAR
000057108,CLEAR
000057109,ALARM
000057110,ALARM
000057109,ALARM
000057111,CLEAR
000057110,ALARM
000057111,CLEAR
000057112,CLEAR
000057112,CLEAR
000057113,CLEAR
000057114,CLEAR
000057113,CLEAR
000057114,CLEAR
000057115,ALARM
000057116,ALARM
000057117,ALARM
000057115,ALARM
000057116,ALARM
000057117,ALARM
000057118,CLEAR
000057118,CLEAR
000057119,ALARM
000057120,ALARM
000057121,CLEAR
000057119,ALARM
000057122,CLEAR
000057120,ALARM
000057121,CLEAR
000057123,CLEAR
000057122,CLEAR
000057124,ALARM
000057123,CLEAR
000057125,CLEAR
000057124,ALARM
000057126,ALARM
000057125,CLEAR
000057127,CLEAR
000057126,ALARM
000057128,ALARM
000057127,CLEAR
000057129,ALARM
000057130,CLEAR
000057128,ALARM
000057131,CLEAR
000057129,ALARM
000057130,CLEAR
000057131,CLEAR
000057132,CLEAR
000057133,ALARM
000057134,ALARM
000057132,CLEAR
000057133,ALARM
000057135,CLEAR
000057136,CLEAR
000057134,ALARM
000057135,CLEAR
000057137,ALARM
000057136,CLEAR
000057138,ALARM
000057139,CLEAR
000057137,ALARM
000057138,ALARM
000057140,CLEAR
000057139,CLEAR
000057140,CLEAR
